{
  "1": [
    "aayla",
    "bly"
  ],
  "2": [
    "ackbar",
    "announcer",
    "beru",
    "bib",
    "boba fett",
    "boushh",
    "c-3po",
    "chief",
    "cliegg",
    "commander",
    "deck officer",
    "derlin",
    "emperor",
    "first officer",
    "first trooper",
    "greedo",
    "han solo",
    "head controller",
    "hobbie",
    "imperial soldier",
    "jabba",
    "lando",
    "leia",
    "lieutenant",
    "luke",
    "mon mothma",
    "oola",
    "owen",
    "rebel pilot",
    "rieekan",
    "second officer",
    "stormtrooper",
    "technician",
    "willard",
    "woman",
    "zev"
  ],
  "0": [
    "aks moe",
    "at-st clone sergeant",
    "bail organa",
    "bana breemu",
    "bodyguard",
    "chi eekway",
    "clone commander appo",
    "clone commander bacara",
    "clone commander cody",
    "clone commander gree",
    "clone commander thire",
    "clone sergeant",
    "clone trooper",
    "dar wac",
    "darth sldious",
    "general grievous",
    "glddean danu",
    "kl-adi-mundi",
    "lott dod",
    "mace windu",
    "mas amedda",
    "medical droid",
    "orn free taa",
    "palpatine",
    "pilot",
    "royal guard",
    "senator ask aak",
    "super battle droid",
    "super battle droid g21",
    "terr taneel",
    "valorum",
    "yoda"
  ],
  "5": [
    "amee",
    "anakin",
    "battle droid",
    "clone captain",
    "cord\u00e9",
    "count dooku",
    "dexter jettster",
    "dofine",
    "dorme",
    "droid 1",
    "droid 2",
    "droid captain",
    "fangzar",
    "guard",
    "gungan lookout",
    "hermione bagwa",
    "jango fett",
    "jar jar",
    "jira",
    "jobal",
    "jocasta nu",
    "kitster",
    "lama su",
    "motee",
    "nute gunray",
    "obi-wan",
    "ody",
    "oom-9",
    "padme",
    "poggle",
    "queen jamillia",
    "qui-gon",
    "qui-gon guard droid",
    "r2-d2",
    "rabe",
    "ric olie",
    "rune",
    "ruwee",
    "sabe",
    "sebulba",
    "seek",
    "server",
    "shmi",
    "sio bibble",
    "sola",
    "speaker b",
    "taun we",
    "tey how",
    "tlon medon",
    "vendor",
    "wald",
    "watto",
    "zam wessel"
  ],
  "4": [
    "bartender",
    "biggs",
    "camie",
    "creature",
    "deak",
    "dodonna",
    "fixer",
    "gold five",
    "gold leader",
    "green leader",
    "human",
    "janson",
    "motti",
    "navigator",
    "officer",
    "read leader",
    "red three",
    "red two",
    "tagge",
    "tarkin",
    "trooper",
    "wedge"
  ],
  "6": [
    "communications officer",
    "needa",
    "ozzel",
    "piett",
    "veers"
  ],
  "3": [
    "owo-1",
    "tc14"
  ]
}